id|name|category
1|Jacobson-Cobb|gas_transport
2|Brewer Inc|gas_transport
3|Gregory PLC|gas_transport
4|Moore-Newton|gas_transport
5|Lewis, Castillo and Hall|gas_transport
6|Wyatt Group|gas_transport
7|Beltran PLC|gas_transport
8|Reeves, Smith and Clark|gas_transport
9|Berry-Stokes|gas_transport
10|Park-Ramsey|gas_transport
11|Peterson, Roberson and Lewis|gas_transport
12|Brown, Mclaughlin and Mckee|gas_transport
13|Reese-Waters|gas_transport
14|Miller, Moore and King|gas_transport
15|Miller, Herrera and Anthony|gas_transport
16|Parker-Cook|gas_transport
17|Benton, Walls and Nelson|gas_transport
18|Johnson, Wallace and Price|gas_transport
19|Hunter Group|gas_transport
20|Brown, Johnson and Kerr|gas_transport
21|Carroll-Gardner|gas_transport
22|Bentley and Sons|gas_transport
23|Gill, Aguirre and Webster|gas_transport
24|Moses, Rodriguez and Oliver|gas_transport
25|Higgins and Sons|gas_transport
26|Raymond-Gonzalez|gas_transport
27|Lopez, Valencia and Ramos|gas_transport
28|Carson-Greer|gas_transport
29|Watson-Martinez|gas_transport
30|Spears, Duncan and Jennings|gas_transport
31|Jones and Sons|gas_transport
32|Howell Group|gas_transport
33|Phillips Group|gas_transport
34|Wright-Lowe|gas_transport
35|Hill LLC|gas_transport
36|Alvarez, Graham and Gordon|gas_transport
37|Simon, Rosales and Bailey|gas_transport
38|Wilson Group|gas_transport
39|Rodgers-Sheppard|gas_transport
40|Alvarado-Fitzgerald|gas_transport
41|Ramos LLC|gas_transport
42|Sawyer-Olson|gas_transport
43|Beck, Michael and Barnes|gas_transport
44|Pierce, Nelson and Bennett|gas_transport
45|Bush Inc|gas_transport
46|Kramer LLC|gas_transport
47|Turner-Hahn|gas_transport
48|Miller, Duffy and Lee|gas_transport
49|Howard and Sons|grocery_net
50|Porter and Sons|grocery_net
51|Ruiz-Tran|grocery_net
52|Black-Clark|grocery_net
53|Martinez, Cochran and Valenzuela|grocery_net
54|Scott-Stewart|grocery_net
55|Powers LLC|grocery_net
56|Mendoza-Elliott|grocery_net
57|Thompson, Meyer and Kirby|grocery_net
58|Reyes, Houston and Lewis|grocery_net
59|Johnson-Buckley|grocery_net
60|Joseph and Sons|grocery_net
61|Davis, Gordon and Meyer|grocery_net
62|Bullock-Valentine|grocery_net
63|White, Mendez and Smith|grocery_net
64|Anderson-French|grocery_net
65|Martin, Perez and Lane|grocery_net
66|Garner-Moore|grocery_net
67|Pham, Gomez and Dunn|grocery_net
68|Smith, Wong and King|grocery_net
69|Garcia Ltd|grocery_net
70|Duarte PLC|grocery_net
71|Lee-Coleman|grocery_net
72|Peters LLC|grocery_net
73|Krueger LLC|grocery_net
74|Jones, Mcintyre and Lee|grocery_net
75|Wilcox Ltd|grocery_net
76|Landry LLC|grocery_net
77|Washington Ltd|grocery_net
78|Chambers PLC|grocery_net
79|Jackson, Patterson and Cortez|grocery_net
80|Santos-Rodriguez|grocery_net
81|Lee, Stephens and Moore|grocery_net
82|Myers PLC|grocery_net
83|Brewer-Parks|grocery_net
84|Smith, Taylor and Soto|grocery_net
85|Morrison Ltd|grocery_net
86|Doyle and Sons|grocery_net
87|Sosa-Perry|grocery_net
88|Henry-Morse|grocery_net
89|Harmon PLC|grocery_net
90|Rodriguez-Lopez|grocery_net
91|Flores Ltd|grocery_net
92|Martinez and Sons|grocery_net
93|Howard Group|grocery_net
94|Wise, Gonzalez and Boone|grocery_net
95|Cox-Ochoa|grocery_net
96|Rogers, Williams and Cline|grocery_net
97|Allen, Mckinney and Barnes|grocery_net
98|Le-Sandoval|grocery_net
99|Huber-Bell|grocery_net
100|Robertson LLC|grocery_net
101|Wyatt, Barnes and Wright|grocery_net
102|Maynard, Wagner and Williams|grocery_net
103|Chapman, Rodgers and Hopkins|grocery_net
104|Stevens-Solis|grocery_net
105|Palmer-Webster|grocery_net
106|Mccoy LLC|grocery_net
107|Blankenship Inc|grocery_net
108|Watson Group|grocery_net
109|Wilson LLC|grocery_net
110|Weiss Group|grocery_net
111|Proctor Group|grocery_net
112|Carter PLC|grocery_net
113|Jacobs-Owen|grocery_net
114|Diaz-Turner|grocery_net
115|Powell Group|grocery_net
116|Rodriguez-Harrell|grocery_net
117|Gardner, Mcgrath and Mccarthy|grocery_net
118|Kramer-Payne|grocery_net
119|Rodriguez, Parker and Johnson|grocery_net
120|Holt Group|grocery_net
121|Lewis-Lara|grocery_net
122|Peters, Kelley and Koch|grocery_net
123|Chambers and Sons|grocery_net
124|Hicks, Mays and Morris|grocery_net
125|Jones Ltd|grocery_net
126|Gill LLC|grocery_pos
127|Avila, Harris and Jones|grocery_pos
128|King and Sons|grocery_pos
129|Vasquez LLC|grocery_pos
130|Miller, Hunt and Warren|grocery_pos
131|Pacheco-Vargas|grocery_pos
132|Sanchez PLC|grocery_pos
133|Huerta, Franklin and Mclean|grocery_pos
134|Ward-Moreno|grocery_pos
135|Stephenson Group|grocery_pos
136|Gonzalez Ltd|grocery_pos
137|Mendoza, Foster and Frazier|grocery_pos
138|Peterson PLC|grocery_pos
139|Smith Group|grocery_pos
140|Carson PLC|grocery_pos
141|Carter, Smith and Ford|grocery_pos
142|Beard, Rodriguez and Hall|grocery_pos
143|Duffy Inc|grocery_pos
144|Scott-Young|grocery_pos
145|Smith-Pittman|grocery_pos
146|Garrett Group|grocery_pos
147|Yoder Ltd|grocery_pos
148|Reed, Gibson and Diaz|grocery_pos
149|Jacobs Ltd|grocery_pos
150|Johnson-Rivera|grocery_pos
151|Bernard PLC|grocery_pos
152|Crawford, Mercer and Greene|grocery_pos
153|Parks, Clark and Marsh|grocery_pos
154|Ellis Group|grocery_pos
155|Smith, Robbins and Watson|grocery_pos
156|Michael-Fisher|grocery_pos
157|Hampton-Conner|grocery_pos
158|Garza Ltd|grocery_pos
159|Collins Ltd|grocery_pos
160|Stephenson LLC|grocery_pos
161|Tran Inc|grocery_pos
162|Henry, Tucker and Mitchell|grocery_pos
163|Scott, Roberts and Taylor|grocery_pos
164|Berg Ltd|grocery_pos
165|Wheeler, White and Adams|grocery_pos
166|Copeland-Lynch|grocery_pos
167|Carpenter, Johnson and Kaufman|grocery_pos
168|Schneider-Adams|grocery_pos
169|Ramirez Group|grocery_pos
170|Mitchell, Hurst and Walker|grocery_pos
171|Spence PLC|grocery_pos
172|Gray-Paul|grocery_pos
173|Cameron-Gomez|grocery_pos
174|Wagner LLC|grocery_pos
175|Miller, Torres and Welch|grocery_pos
176|Hudson-Martin|grocery_pos
177|Murphy-Riddle|grocery_pos
178|Stevens, Taylor and Howe|grocery_pos
179|Bentley, Brown and Snyder|grocery_pos
180|Lee, Torres and Gay|grocery_pos
181|Castillo LLC|grocery_pos
182|Cox and Sons|grocery_pos
183|Soto PLC|grocery_pos
184|Murray LLC|grocery_pos
185|Knight, Wright and Johnson|grocery_pos
186|Harris LLC|grocery_pos
187|Frederick PLC|grocery_pos
188|Wise, Wright and Morrison|grocery_pos
189|Lawrence, Watkins and Marquez|grocery_pos
190|Martin-Levy|grocery_pos
191|Newman, Walls and Clark|grocery_pos
192|Wu, Boyd and Allen|grocery_pos
193|Frey PLC|pharmacy
194|Robles-Richards|pharmacy
195|Williams LLC|pharmacy
196|Byrd-Roman|pharmacy
197|Jones, Meza and Atkinson|pharmacy
198|Guerra Inc|pharmacy
199|Hernandez, Fischer and Stevens|pharmacy
200|Gray-Warner|pharmacy
201|Cortez, Jackson and Moreno|pharmacy
202|Johnson, Hardy and Garner|pharmacy
203|Padilla, Garcia and Bauer|pharmacy
204|Ross, Cooley and Hopkins|pharmacy
205|Hoover Group|pharmacy
206|Duran, Torres and Nguyen|pharmacy
207|Wolf, Duran and Huff|pharmacy
208|Taylor LLC|pharmacy
209|Gates Group|pharmacy
210|Wright Group|pharmacy
211|Adams PLC|pharmacy
212|Watson-Terry|pharmacy
213|Lane Group|pharmacy
214|Cain and Sons|pharmacy
215|Hess and Sons|pharmacy
216|Walters Ltd|pharmacy
217|Fry Inc|pharmacy
218|Stevens Group|pharmacy
219|Adams-Miller|pharmacy
220|Vazquez, Flowers and Williams|pharmacy
221|Gonzalez and Sons|pharmacy
222|Mata-Osborne|pharmacy
223|Robinson, Hicks and Rhodes|pharmacy
224|Burns-Rice|pharmacy
225|Hernandez, Blackwell and Wolfe|pharmacy
226|Franklin-Ward|pharmacy
227|Jones, Parker and Downs|pharmacy
228|Adams-Brown|pharmacy
229|Griffin, Moore and Randolph|pharmacy
230|Mckay-Brooks|pharmacy
231|Nguyen Group|pharmacy
232|Anderson, Brooks and Walker|pharmacy
233|Davies, Bolton and Wilson|pharmacy
234|Rodriguez-Rogers|pharmacy
235|Davis Inc|pharmacy
236|Mason-Jones|pharmacy
237|Garza Ltd|pharmacy
238|Mercer-Cox|pharmacy
239|Anderson-Serrano|pharmacy
240|Armstrong PLC|pharmacy
241|Taylor, Ferguson and Valenzuela|pharmacy
242|Lee, Rodriguez and Flores|pharmacy
243|Dillon-Smith|pharmacy
244|Bruce Inc|pharmacy
245|Vaughan-Martin|pharmacy
246|Norris LLC|pharmacy
247|Powell, Foley and Gordon|pharmacy
248|House Group|pharmacy
249|Crawford-Huynh|pharmacy
250|Campbell-Clark|pharmacy
251|Hart LLC|pharmacy
252|Thomas, Manning and Mora|pharmacy
253|Norman-Wagner|pharmacy
254|James-Martinez|pharmacy
255|Johnson-Smith|pharmacy
256|Lewis Ltd|pharmacy
257|Davis Group|pharmacy
258|Schwartz-Kane|pharmacy
259|Martinez-Duffy|pharmacy
260|Orr, Mcintyre and Barnett|pharmacy
261|Lutz PLC|pharmacy
262|Clark, Andrade and Curtis|pharmacy
263|Graves-Wood|pharmacy
264|Guzman PLC|pharmacy
265|Smith PLC|pharmacy
266|Lambert-Medina|pharmacy
267|Smith, Price and Morrison|pharmacy
268|Rogers LLC|pharmacy
269|Reyes-Pruitt|pharmacy
270|Guzman Group|pharmacy
271|Hull and Sons|pharmacy
272|Giles LLC|pharmacy
273|Mason-Johnson|pharmacy
274|Smith-Reid|pharmacy
275|Rodriguez-Sanders|pharmacy
276|Cummings-Harris|pharmacy
277|Phillips Ltd|pharmacy
278|Gutierrez Ltd|pharmacy
279|Camacho and Sons|pharmacy
280|Adams, White and Vasquez|pharmacy
281|Tyler Ltd|pharmacy
282|Smith Group|pharmacy
283|Villanueva, Garner and Hampton|pharmacy
284|Robles LLC|pharmacy
285|Burton-Sanchez|pharmacy
286|Osborne Inc|pharmacy
287|Salinas-Smith|pharmacy
288|Wood-Gonzalez|pharmacy
289|Garner-Lee|pharmacy
290|Gross PLC|misc_net
291|Shelton-Brown|misc_net
292|Weaver and Sons|misc_net
293|Tanner LLC|misc_net
294|Oconnor, Anderson and Rodriguez|misc_net
295|Hardy-Stafford|misc_net
296|Rosario PLC|misc_net
297|Ramirez-Robles|misc_net
298|Underwood and Sons|misc_net
299|Moore, Hayes and Williams|misc_net
300|Davidson PLC|misc_net
301|Goodman Group|misc_net
302|Green and Sons|misc_net
303|Price, Mercado and Jackson|misc_net
304|Lopez-Stewart|misc_net
305|Johnson PLC|misc_net
306|Perry-Garcia|misc_net
307|Smith-Smith|misc_net
308|Lara-Davis|misc_net
309|Stewart-Barker|misc_net
310|Hill and Sons|misc_net
311|Evans-Howell|misc_net
312|King, Walsh and Reyes|misc_net
313|Robinson-Clark|misc_net
314|Cook Inc|misc_net
315|Fields, Alvarez and Johnson|misc_net
316|Richardson LLC|misc_net
317|Mitchell LLC|misc_net
318|Obrien-Dennis|misc_net
319|Ayala, Adams and Gray|misc_net
320|Bernard-Nguyen|misc_net
321|Jackson and Sons|misc_net
322|Gonzales, Lewis and Hogan|misc_net
323|Miller LLC|misc_net
324|Ibarra, Alexander and Young|misc_net
325|Martin-Payne|misc_net
326|Roberson, Jones and Morris|misc_net
327|Weeks-Mclean|misc_net
328|Carroll, Rodriguez and Harvey|misc_net
329|Donaldson-Newman|misc_net
330|Rogers Ltd|misc_net
331|Preston-Smith|misc_net
332|Johnson Group|misc_net
333|Williams-Lutz|misc_net
334|Boyer Inc|misc_net
335|Brown-Smith|misc_pos
336|Kidd, Wood and Fuentes|misc_pos
337|Lee-Lopez|misc_pos
338|Price, Allen and White|misc_pos
339|Nicholson-Farley|misc_pos
340|Bradford Ltd|misc_pos
341|Yates-Fleming|misc_pos
342|Wall, Krueger and Maxwell|misc_pos
343|Robertson-Robertson|misc_pos
344|Garcia-Richardson|misc_pos
345|Vaughn LLC|misc_pos
346|Jones PLC|misc_pos
347|Shaffer Group|misc_pos
348|Shea Group|misc_pos
349|Scott and Sons|misc_pos
350|Fox, Kennedy and Ferguson|misc_pos
351|Rivera and Sons|misc_pos
352|Campbell-Reyes|misc_pos
353|Zimmerman Group|misc_pos
354|Cruz LLC|misc_pos
355|Wilcox LLC|misc_pos
356|Sanchez-Perry|misc_pos
357|Pierce, Ellis and Walsh|misc_pos
358|Knox-Woods|misc_pos
359|Stuart Ltd|misc_pos
360|Moore-Moore|misc_pos
361|Norris and Sons|misc_pos
362|Massey and Sons|misc_pos
363|Taylor-Miller|misc_pos
364|Marquez-Mcconnell|misc_pos
365|Herrera LLC|misc_pos
366|Kennedy-Davis|misc_pos
367|Brown-Anderson|misc_pos
368|Knight, Wells and Flores|misc_pos
369|Crawford, Duke and Cook|misc_pos
370|Taylor PLC|misc_pos
371|Roberts Ltd|misc_pos
372|Bell, Hunter and Lopez|misc_pos
373|Duncan Ltd|misc_pos
374|Ellison, Chang and Berger|misc_pos
375|Kelley Ltd|misc_pos
376|Aguilar Group|misc_pos
377|Clark-Rojas|misc_pos
378|Blevins Inc|misc_pos
379|Wilkinson, Yang and Rodriguez|misc_pos
380|Torres LLC|misc_pos
381|James, Larson and Morris|misc_pos
382|Burns-James|misc_pos
383|Rodriguez Ltd|misc_pos
384|Holmes Inc|misc_pos
385|Castro PLC|misc_pos
386|Parsons, Armstrong and Owens|misc_pos
387|Hill-Sharp|misc_pos
388|Leon LLC|misc_pos
389|Smith, Ruiz and Patterson|misc_pos
390|Armstrong Group|misc_pos
391|Wright-Friedman|misc_pos
392|Brown-Williams|misc_pos
393|Smith, Stout and Costa|misc_pos
394|Madden LLC|misc_pos
395|Wright-Brooks|misc_pos
396|Dean, Hines and Woods|misc_pos
397|Wolfe PLC|misc_pos
398|Wade-Mcbride|misc_pos
399|Knight, Hampton and Hawkins|misc_pos
400|Collins Inc|misc_pos
401|Preston LLC|misc_pos
402|Harrison Inc|misc_pos
403|Merritt-Cross|misc_pos
404|Morse-Dodson|misc_pos
405|Downs, Anderson and Rodriguez|misc_pos
406|Martin and Sons|misc_pos
407|Thompson-Howard|misc_pos
408|Murray-Nguyen|misc_pos
409|House LLC|misc_pos
410|Stokes-Wiley|misc_pos
411|Thomas, Tucker and Nelson|misc_pos
412|Bowman-Gillespie|misc_pos
413|Evans, Powell and Anderson|misc_pos
414|Kirk Ltd|misc_pos
415|Ramirez-Johnson|misc_pos
416|Martinez-Wilson|misc_pos
417|Johnson, Pace and Avila|misc_pos
418|Perez Ltd|shopping_net
419|Miller-Mitchell|shopping_net
420|Lyons-Murphy|shopping_net
421|Brown, Peters and Carlson|shopping_net
422|Cannon-Miller|shopping_net
423|Price-Anderson|shopping_net
424|Moore, Anderson and Johnson|shopping_net
425|Johnson-Walker|shopping_net
426|Johnson-Todd|shopping_net
427|Schultz, Brooks and Williams|shopping_net
428|Brooks-Lawson|shopping_net
429|Mcguire-Ramos|shopping_net
430|Harrington, Morrison and Douglas|shopping_net
431|Black, Smith and Hudson|shopping_net
432|Ayala-Klein|shopping_net
433|Harding Inc|shopping_net
434|Smith Group|shopping_net
435|Banks and Sons|shopping_net
436|Wilson Group|shopping_net
437|Clark PLC|shopping_net
438|Joseph Ltd|shopping_net
439|Long, Foster and Hoover|shopping_net
440|Johnson-Stewart|shopping_net
441|Guerra-Moore|shopping_net
442|Williams, Chapman and Underwood|shopping_net
443|Roberts PLC|shopping_net
444|Woodward Ltd|shopping_net
445|Galloway, Lamb and Rodriguez|shopping_net
446|Ruiz and Sons|shopping_net
447|Cross Group|shopping_net
448|Logan Inc|shopping_net
449|Martinez, Kelly and Jones|shopping_pos
450|Marshall LLC|shopping_pos
451|Mann Group|shopping_pos
452|Cannon, Wright and Jones|shopping_pos
453|Blair-Young|shopping_pos
454|Forbes, Anderson and Campbell|shopping_pos
455|Ruiz, Barker and Smith|shopping_pos
456|Clark, Olson and Sanchez|shopping_pos
457|Brewer, Schneider and Johnson|shopping_pos
458|Houston, Hobbs and Foster|shopping_pos
459|Sanchez PLC|shopping_pos
460|Gonzales, Lopez and Hunt|shopping_pos
461|Nichols-Gilbert|shopping_pos
462|Mckinney LLC|shopping_pos
463|Carroll-Goodman|shopping_pos
464|Ballard-Stark|shopping_pos
465|Moore Inc|shopping_pos
466|Clark LLC|shopping_pos
467|Wood Group|shopping_pos
468|Wilson LLC|shopping_pos
469|Campbell LLC|shopping_pos
470|Horn Group|shopping_pos
471|Myers-Johnston|shopping_pos
472|Lopez, Nelson and Howe|shopping_pos
473|Martin, Williams and Horne|shopping_pos
474|Morris, Perry and Garza|shopping_pos
475|Payne, Duncan and Curry|shopping_pos
476|Scott-Newman|shopping_pos
477|Young Group|shopping_pos
478|Waters Inc|shopping_pos
479|Medina-Oconnor|shopping_pos
480|Todd, Sanchez and Mcclain|shopping_pos
481|Byrd Ltd|shopping_pos
482|Wolf, Dennis and Larsen|shopping_pos
483|Stewart, Miller and Compton|shopping_pos
484|Haynes, Thomas and Underwood|shopping_pos
485|Ho PLC|shopping_pos
486|Rowland LLC|shopping_pos
487|Lynn and Sons|shopping_pos
488|Turner, Meadows and Rocha|shopping_pos
489|Hickman, Hamilton and Smith|shopping_pos
490|Hawkins-Fisher|shopping_pos
491|Miller Group|shopping_pos
492|Ruiz, Anderson and Davis|shopping_pos
493|Brown, Thompson and Hendricks|shopping_pos
494|Sweeney, Thomas and Martinez|shopping_pos
495|Fitzgerald, Owen and Yang|shopping_pos
496|Hess, Harris and Ballard|shopping_pos
497|Woodard, Miller and Goodwin|shopping_pos
498|Bailey and Sons|shopping_pos
499|Chen, Logan and Ellison|shopping_pos
500|Garcia-Moore|shopping_pos
501|Hill LLC|shopping_pos
502|Boyd Group|shopping_pos
503|Wright-Wong|shopping_pos
504|Baxter PLC|shopping_pos
505|Estes-Barajas|shopping_pos
506|Novak, Powell and Irwin|shopping_pos
507|Wolfe LLC|shopping_pos
508|Yang, Hartman and Rodriguez|utilities
509|Mitchell, Rice and Brown|utilities
510|Everett Group|utilities
511|Holt-Weiss|utilities
512|Wagner-Davis|utilities
513|Harrison Inc|utilities
514|Edwards Ltd|utilities
515|Lee, Meyer and Pierce|utilities
516|Matthews-Moore|utilities
517|Clark LLC|utilities
518|Gonzalez-Lamb|utilities
519|Turner Ltd|utilities
520|Pineda-Montgomery|utilities
521|Bowen, Robinson and Gordon|utilities
522|Reed, Jones and Miller|utilities
523|Hudson-Hughes|utilities
524|Patterson Ltd|utilities
525|Combs Group|utilities
526|Lowery-Freeman|utilities
527|Ramirez Inc|utilities
528|Hardy, Williamson and Baxter|utilities
529|Torres-Sharp|utilities
530|Roman, Moore and Solis|utilities
531|Gordon, Gibson and Noble|utilities
532|Johnson, James and Nichols|utilities
533|Reynolds, Johnson and Stewart|utilities
534|Jones and Sons|utilities
535|Nguyen Inc|utilities
536|Dixon, Cherry and Scott|utilities
537|Mccoy Inc|utilities
538|Myers-Griffin|utilities
539|Garcia-Thomas|utilities
540|Owens-Newton|utilities
541|Howard-Wells|utilities
542|Sullivan Ltd|utilities
543|Huffman Ltd|utilities
544|Robinson-Austin|utilities
545|Morales-Green|utilities
546|Galvan, Jackson and Wade|utilities
547|Young-Flores|utilities
548|Foster-Crawford|utilities
549|Phillips Group|utilities
550|Whitehead, Wells and Sanchez|utilities
551|Mitchell-Bauer|utilities
552|York, Lucas and Walls|utilities
553|Rasmussen, Werner and Figueroa|utilities
554|White, Gallegos and Avila|utilities
555|Watson-Mcknight|utilities
556|Lopez-Weaver|utilities
557|Perry Inc|utilities
558|Christian, Lopez and Hayes|utilities
559|Brown-Smith|utilities
560|Ellis Ltd|utilities
561|Montoya, Miller and Manning|utilities
562|Hernandez and Sons|utilities
563|Jensen Group|utilities
564|Barker Inc|utilities
565|Hill, Smith and Esparza|utilities
566|Huffman-Dean|entertainment
567|Williams-Rhodes|entertainment
568|Campos, Johnson and Anderson|entertainment
569|Rhodes, Jones and Pineda|entertainment
570|Stevens LLC|entertainment
571|Williams, Sullivan and Lopez|entertainment
572|Thornton-Nelson|entertainment
573|Martinez-Ross|entertainment
574|Barnes-Ward|entertainment
575|Carlson, Farmer and Walker|entertainment
576|Kelly, Douglas and Miller|entertainment
577|Bailey-Williams|entertainment
578|Jenkins Group|entertainment
579|Hall-Holmes|entertainment
580|Williams, Watson and Howe|entertainment
581|Sparks-Pratt|entertainment
582|Hernandez Group|entertainment
583|Austin PLC|entertainment
584|Ramsey-Mercer|entertainment
585|Ochoa, Alvarado and Bates|entertainment
586|Morales, Stevenson and Reyes|entertainment
587|Henderson, Griffin and Delgado|entertainment
588|Travis Ltd|entertainment
589|Heath, Diaz and Wise|entertainment
590|Hanna-Mcintyre|entertainment
591|Ross Group|entertainment
592|Rivera-Johnson|entertainment
593|Hogan LLC|entertainment
594|Robles and Sons|entertainment
595|Ayala Group|entertainment
596|Horn-Brown|entertainment
597|Harper, Harrington and Morris|entertainment
598|Torres-Collier|entertainment
599|Logan-Flynn|entertainment
600|Kerr-Lambert|entertainment
601|Austin, Galloway and Ryan|entertainment
602|Mullins, Riggs and Taylor|entertainment
603|Benitez PLC|entertainment
604|Crawford-Russell|entertainment
605|Houston, Gibbs and Mitchell|entertainment
606|Hanson, Patton and Parks|entertainment
607|Andrews and Sons|entertainment
608|Hardy-Austin|entertainment
609|Herrera Inc|entertainment
610|Massey-Mills|entertainment
611|Baker PLC|entertainment
612|Monroe-Hernandez|entertainment
613|Campbell LLC|entertainment
614|Scott PLC|entertainment
615|Johnson, Cooley and Friedman|entertainment
616|Dunn Ltd|entertainment
617|Lowery, Cooper and Ross|entertainment
618|Hayes-Warren|entertainment
619|Jimenez, Odom and Thompson|entertainment
620|Curtis Inc|entertainment
621|Davis, Bell and Moore|entertainment
622|Parker LLC|entertainment
623|Simmons, Adams and Cooper|entertainment
624|Vazquez-Mosley|entertainment
625|Weaver-Smith|entertainment
626|Carney-Gallegos|entertainment
627|Evans-Stevens|entertainment
628|Ruiz-Sanchez|entertainment
629|Miller, Gonzalez and Gray|entertainment
630|Owen LLC|entertainment
631|Carr, Larson and Morrow|entertainment
632|Munoz Ltd|entertainment
633|Nichols, Murphy and Robertson|entertainment
634|Wu, Miller and Smith|entertainment
635|Wright-Holden|entertainment
636|Day Inc|entertainment
637|Figueroa LLC|entertainment
638|Hernandez Inc|entertainment
639|Walker-Johnson|entertainment
640|Garcia, Russell and Newton|entertainment
641|Kelly LLC|entertainment
642|Williams Inc|entertainment
643|Harper-Moore|entertainment
644|Smith, Obrien and Hernandez|entertainment
645|Flynn, Davis and Clark|entertainment
646|Dalton, Allen and Green|entertainment
647|Phillips-Avila|entertainment
648|Kelley LLC|entertainment
649|Sosa Group|entertainment
650|Rios, Kennedy and Page|entertainment
651|Barrett Group|food_dining
652|Rogers Inc|food_dining
653|Quinn, Allen and Bailey|food_dining
654|Sanders, Jimenez and Hernandez|food_dining
655|Jackson-Carter|food_dining
656|Oliver Ltd|food_dining
657|Russell Inc|food_dining
658|Watkins PLC|food_dining
659|Hawkins PLC|food_dining
660|White-Fowler|food_dining
661|Harrison-Davis|food_dining
662|Brewer Inc|food_dining
663|Waters-Rodriguez|food_dining
664|Griffith Ltd|food_dining
665|Lopez PLC|food_dining
666|Reynolds-Morris|food_dining
667|Graham, Ware and Jones|food_dining
668|Blair Ltd|food_dining
669|Johnson-Lara|food_dining
670|Marks, Patterson and Holland|food_dining
671|Salazar and Sons|food_dining
672|Wilson-James|food_dining
673|James, Thomas and Wilcox|food_dining
674|Williams-Buchanan|food_dining
675|Serrano, Ortega and Baker|food_dining
676|Lam Ltd|food_dining
677|Walker, Ryan and Fox|food_dining
678|Graham, Phillips and Nguyen|food_dining
679|Wyatt-Fields|food_dining
680|Phillips-Sanders|food_dining
681|Rogers LLC|health_fitness
682|Gallagher-Donovan|health_fitness
683|Hughes Inc|health_fitness
684|Sweeney-Fitzgerald|health_fitness
685|West-Gray|health_fitness
686|Espinoza Ltd|health_fitness
687|Curtis-Vasquez|health_fitness
688|Miller and Sons|health_fitness
689|Henry, Taylor and Lopez|health_fitness
690|Maddox, Scott and Hill|health_fitness
691|Thompson-Clay|health_fitness
692|Mcdaniel Ltd|health_fitness
693|Marshall and Sons|health_fitness
694|Pierce Group|health_fitness
695|Cruz Ltd|health_fitness
696|Baxter PLC|health_fitness
697|Wall, Sanchez and Mitchell|health_fitness
698|Simpson PLC|health_fitness
699|Cruz and Sons|health_fitness
700|Wright-Randolph|health_fitness
701|Clark-Hess|health_fitness
702|Robinson, Ramirez and Chapman|health_fitness
703|Allen-Gregory|health_fitness
704|Larson, Vaughan and Ellis|health_fitness
705|Gross Ltd|health_fitness
706|Wood LLC|health_fitness
707|Jennings Ltd|health_fitness
708|Morgan-Ritter|health_fitness
709|Gregory-Miller|health_fitness
710|Boyd and Sons|health_fitness
711|Cain, Lee and Welch|health_fitness
712|Jones, Hall and Martin|health_fitness
713|Le, Long and Mooney|health_fitness
714|Rios Ltd|health_fitness
715|Roy, Long and Kemp|health_fitness
716|Murray, Frye and Brady|health_fitness
717|Reed, Berg and Hartman|health_fitness
718|Smith PLC|health_fitness
719|Smith-Perry|health_fitness
720|Ruiz Group|health_fitness
721|Johnson-Deleon|health_fitness
722|House-Webb|health_fitness
723|Smith-Stephens|health_fitness
724|Owen, Thompson and Sawyer|health_fitness
725|Weber Inc|health_fitness
726|Gallegos LLC|health_fitness
727|Davis Group|health_fitness
728|Johnson Ltd|health_fitness
729|Juarez Inc|health_fitness
730|Barry, Miles and Long|health_fitness
731|Camacho, Smith and Ferguson|health_fitness
732|Guerrero PLC|health_fitness
733|Arias-Taylor|health_fitness
734|Olsen Ltd|health_fitness
735|Grant, Mcdonald and Bowen|health_fitness
736|Mills PLC|health_fitness
737|Hurst-Robinson|health_fitness
738|Whitaker Group|health_fitness
739|Stephens, Yang and Henderson|health_fitness
740|Terry, Perez and Lee|health_fitness
741|Ruiz Inc|health_fitness
742|Rogers, Weber and Kelly|health_fitness
743|Long, Obrien and Johnson|health_fitness
744|Smith-Johnson|health_fitness
745|Chandler-Paul|health_fitness
746|Hurst-Ross|health_fitness
747|Anthony LLC|health_fitness
748|Velazquez Group|health_fitness
749|Kim, Smith and Barton|health_fitness
750|Hull-Thomas|health_fitness
751|Wyatt Inc|health_fitness
752|Dunn, Schroeder and Brown|home
753|Powell, Sanders and Montoya|home
754|Bryant-Garcia|home
755|Smith, Jackson and Hardy|home
756|Holt Group|home
757|Mora-Walsh|home
758|Stephens-Wood|home
759|Tapia, Patel and Jones|home
760|Gonzalez, Barton and Goodman|home
761|Campbell, Huynh and Chapman|home
762|Scott-Lucero|home
763|White-Garcia|home
764|Hess, Bennett and Riley|home
765|Valenzuela, Boyer and Potts|home
766|Thomas LLC|home
767|Wood-Collins|home
768|Burton-Winters|home
769|Simpson-Kelley|home
770|Parker, Osborne and Norris|home
771|Mccarty, Robertson and Savage|home
772|Young, Noble and Khan|home
773|Mccall, Benton and Alexander|home
774|Love-Estrada|home
775|Smith-Wheeler|home
776|Oliver, Clay and Oneal|home
777|Delacruz, Harris and Mercer|home
778|Fletcher, Glover and Matthews|home
779|Mendoza Ltd|home
780|Chaney LLC|home
781|Pham, Harrison and Lewis|home
782|Anderson, Barron and Garcia|home
783|Myers Inc|home
784|Nguyen, Walton and Ortega|home
785|Ross-Lopez|home
786|Hess Inc|home
787|Arnold, Miller and Bentley|home
788|Jones Inc|home
789|Roman PLC|home
790|Bell-Martinez|home
791|Watkins, Johnson and Lee|home
792|Reed, Smith and Mcpherson|home
793|Webster, Wright and Smith|home
794|Williams Inc|home
795|Byrd-Johnson|home
796|Phillips and Sons|home
797|Daniel, Dominguez and Flores|home
798|Fisher, Lee and Macdonald|home
799|Bass-Ortiz|home
800|Bennett PLC|home
801|Wilkins, Hernandez and Berry|home
802|Patton PLC|home
803|Ross-Chavez|home
804|Schwartz-Avila|home
805|Johnson, Smith and Anderson|home
806|Diaz-Black|home
807|Jordan, Burke and Byrd|home
808|Nielsen and Sons|home
809|Wilson-Coleman|home
810|Nichols-Brown|home
811|Rogers, Nelson and Moody|home
812|Green, Lee and Brooks|home
813|Cobb and Sons|home
814|Weeks, White and Mccoy|home
815|Mcmahon-Evans|home
816|Green, Livingston and Oliver|home
817|Allison-Brown|home
818|Grant LLC|home
819|Mills, Banks and Banks|home
820|Bryant Ltd|home
821|Terry, Cantu and Johnston|home
822|Combs Ltd|home
823|Avila, Blake and Kennedy|home
824|Edwards-Thomas|home
825|Matthews Inc|home
826|Mcmillan-Silva|home
827|Bennett and Sons|home
828|Gonzalez-Collins|home
829|Le, Johnson and Johnson|home
830|Mann, Ford and Morrow|home
831|Pacheco-Shannon|home
832|Wilson, Lawson and Bartlett|home
833|Smith Inc|home
834|Hamilton, Thompson and Young|home
835|Briggs Group|home
836|Allen-Meza|home
837|Martin, Hernandez and Watson|kids_pets
838|Sawyer LLC|kids_pets
839|Flores Group|kids_pets
840|Robinson Group|kids_pets
841|Howard-Alvarado|kids_pets
842|Martin-Golden|kids_pets
843|Boyd LLC|kids_pets
844|Rubio-Taylor|kids_pets
845|Moore, Robinson and Johnson|kids_pets
846|Brown PLC|kids_pets
847|Fernandez, Li and Burton|kids_pets
848|Adams, Hernandez and Hickman|kids_pets
849|Abbott Group|kids_pets
850|Robertson, Henry and Little|kids_pets
851|Espinoza-Villarreal|kids_pets
852|Rodriguez Ltd|kids_pets
853|Lewis-Kane|kids_pets
854|Miller-Garcia|kids_pets
855|Mcdonald Ltd|kids_pets
856|Dunlap-Alexander|kids_pets
857|Hardy-Gray|kids_pets
858|Snyder PLC|kids_pets
859|Robinson Group|kids_pets
860|Johnson Ltd|kids_pets
861|Osborn-Young|kids_pets
862|Johnson Inc|kids_pets
863|Williams, Jenkins and Schultz|kids_pets
864|Clark Ltd|kids_pets
865|Donovan Ltd|kids_pets
866|House-Harrison|kids_pets
867|Barber Ltd|kids_pets
868|Cohen, Paul and Robinson|kids_pets
869|Hernandez-Dixon|kids_pets
870|Ruiz-Smith|kids_pets
871|Brown-Mcbride|kids_pets
872|Cantrell PLC|kids_pets
873|Vance-Blair|kids_pets
874|Perez-Powell|kids_pets
875|James and Sons|kids_pets
876|Francis, Johnson and Kelley|kids_pets
877|Hopkins, Lee and Miller|kids_pets
878|Johnson-Peterson|personal_care
879|Wade-Hernandez|personal_care
880|Brown-Vaughan|personal_care
881|Lambert LLC|personal_care
882|Scott-Hicks|personal_care
883|Coleman-Franco|personal_care
884|Howard PLC|personal_care
885|Hawkins LLC|personal_care
886|Torres-Johnson|personal_care
887|Wong-Blackwell|personal_care
888|Castillo-Maldonado|personal_care
889|Huffman LLC|personal_care
890|Crawford, Allen and Frye|personal_care
891|Woodard, Rivera and Kirby|personal_care
892|Maxwell PLC|personal_care
893|Barnes, Rodriguez and Taylor|personal_care
894|Miller-Jensen|personal_care
895|Taylor, Houston and Wilson|personal_care
896|Horn and Sons|personal_care
897|Miller Group|personal_care
898|Wright-Brown|personal_care
899|Alexander-Stevens|personal_care
900|Grant-Cooper|personal_care
901|Wall-Nguyen|personal_care
902|Smith Ltd|personal_care
903|Rogers, Carey and Stewart|personal_care
904|Berry-Smith|personal_care
905|Bennett LLC|personal_care
906|Gonzalez, Palmer and Mueller|personal_care
907|Daniels-Fisher|personal_care
908|Hancock and Sons|personal_care
909|Kennedy, Nguyen and Carr|personal_care
910|Phillips, Smith and Parker|personal_care
911|Garcia and Sons|personal_care
912|Pierce PLC|personal_care
913|Bond Inc|personal_care
914|Richards, Schneider and Jensen|personal_care
915|Ingram-Melton|personal_care
916|Walton-Eaton|personal_care
917|James and Sons|personal_care
918|Thomas Inc|personal_care
919|Reed-Flores|personal_care
920|Carter-Jefferson|personal_care
921|Hernandez, Vance and Davies|personal_care
922|Davila-Miller|personal_care
923|Blake LLC|personal_care
924|Hansen PLC|personal_care
925|Evans Ltd|personal_care
926|Turner, West and Huff|personal_care
927|Foster-Clarke|personal_care
928|Rhodes PLC|personal_care
929|Anderson, Deleon and Dean|personal_care
930|Morrow-Foster|personal_care
931|Moreno, Sanders and Lopez|personal_care
932|Beck Ltd|personal_care
933|Sutton and Sons|personal_care
934|Hernandez, Kelly and Smith|personal_care
935|Smith PLC|personal_care
936|Long, Huang and Lopez|personal_care
937|Harmon, Obrien and Duncan|personal_care
938|Black Group|personal_care
939|Anthony, Yang and Good|personal_care
940|Ramos LLC|personal_care
941|Miles-Mcdonald|personal_care
942|Lee, Morgan and Bright|personal_care
943|Garcia-Brady|personal_care
944|Wilson LLC|personal_care
945|Dawson, Clark and Peterson|personal_care
946|Murphy-Mendez|personal_care
947|Henry, Cardenas and Mueller|personal_care
948|Page Inc|personal_care
949|Johnson-Hammond|personal_care
950|Smith, Nichols and Freeman|personal_care
951|Lane, Payne and Carter|personal_care
952|Odonnell-Steele|personal_care
953|Ramos, Jones and Sanchez|personal_care
954|Duran PLC|personal_care
955|Baker, Simpson and Vang|personal_care
956|Young, Rojas and Garcia|personal_care
957|Jennings, Espinoza and Love|personal_care
958|Elliott-White|personal_care
959|Mcdaniel, Harris and Fernandez|personal_care
960|Proctor, Cooper and Montes|personal_care
961|Wright-King|personal_care
962|Murray, Davis and Rivera|personal_care
963|Johnson-Arnold|personal_care
964|Vang-Ramsey|personal_care
965|Barron-Gonzalez|personal_care
966|Tucker Group|personal_care
967|Rogers-Proctor|personal_care
968|Flores-Douglas|personal_care
969|Ramirez-Collins|travel
970|Gray-Duncan|travel
971|Peterson Ltd|travel
972|Gibson, Miller and Hernandez|travel
973|Serrano, Carr and Smith|travel
974|Steele, Wall and Dorsey|travel
975|Patrick, Stevens and Fitzgerald|travel
976|West-Rojas|travel
977|Baker LLC|travel
978|Jordan-Osborne|travel
979|Turner-Griffith|travel
980|Weaver Group|travel
981|Hines, Jones and Villegas|travel
982|Gonzalez Ltd|travel
983|Hale-Thompson|travel
984|Crawford-Sexton|travel
985|Henderson-Alvarado|travel
986|Jenkins-Castro|travel
987|Pennington and Sons|travel
988|Scott Inc|travel
989|Russell Group|travel
990|Perez PLC|travel
991|Santiago, Wolf and Mckinney|travel
992|Mckee-Carter|travel
993|Woodward, Hayes and Johnson|travel
994|Stanley LLC|travel
995|Johnson-Meyer|travel
996|Diaz-Fry|travel
997|Hahn, West and Boyd|travel
998|Walker-Sparks|travel
999|Ferrell, Bowman and Scott|travel
1000|Castro-Hampton|travel
1001|Dominguez-Serrano|travel
1002|Bradley, Sims and Smith|travel
1003|Lucero Group|travel
1004|Rhodes, Watson and Hunt|travel
1005|Simmons-Steele|travel
1006|Bell-Hill|travel
1007|Daniels, Walls and Prince|travel
1008|Moody, Barry and Johnson|travel
1009|Osborn Inc|travel
1010|Jones, Adams and Rodriguez|travel
1011|Pierce, Welch and Garcia|travel
1012|Lewis Ltd|travel
1013|Collins Ltd|travel
1014|Garza Group|travel
1015|Mitchell Inc|travel
1016|Martin Ltd|travel
1017|Savage-Garcia|travel
1018|Smith-Fletcher|travel
1019|Spencer, Newman and Gonzalez|travel
1020|Moss-Roberts|travel
1021|Andrews-Vargas|travel
1022|Davenport-Fisher|travel
1023|Sweeney, Shields and Harrington|travel
1024|Murray Inc|travel
1025|Jimenez-Gross|travel
1026|Smith-Hogan|travel
1027|Sellers, Lin and Rose|travel
1028|Fernandez, Cooper and Pitts|travel
1029|Patterson LLC|travel
1030|Rodriguez-Young|travel
1031|Lewis-Watts|travel
1032|Chan Ltd|travel
1033|Moore PLC|travel
1034|Bowman-Stafford|travel
1035|Singleton PLC|travel
1036|Hart, Murphy and Nguyen|travel
1037|Moss-Wilson|travel
1038|Jenkins, Gregory and Prince|travel
1039|Williams LLC|travel
1040|Pham and Sons|travel
1041|Gonzalez-Parker|travel
1042|Valencia, Peters and Beck|travel
1043|Farrell-Snow|travel
1044|Kim Inc|travel
1045|Hatfield-Brown|travel
1046|Hernandez, Hernandez and Riley|travel
1047|Love, Lee and Woods|travel
1048|Brown Ltd|travel
1049|Taylor LLC|travel
1050|Shepherd PLC|travel
1051|Reyes PLC|travel
1052|Leblanc, Hopkins and Shea|travel
1053|Hernandez-Smith|travel
1054|Burch LLC|travel
1055|Reid-Smith|travel
1056|Garcia-Huber|travel
1057|Perkins, Cain and Frazier|travel
1058|Stephenson-Hebert|travel
1059|Brown, Nielsen and Gentry|travel
1060|Nichols-Vega|travel
1061|Gordon, Price and Bishop|travel
1062|Simmons, Johnson and Brown|travel
